payment_id,order_id,payment_date
PY1,90001,2022-06-03
PY2,90002,2022-03-03
PY3,90003,2022-06-26
PY4,90004,2022-08-20
PY5,90005,2022-05-17
PY6,90006,2022-01-25
PY7,90007,2022-06-05
PY8,90008,2022-03-13
PY9,90009,2022-06-12
PY10,90010,2022-07-01
PY11,90011,2022-11-21
PY12,90012,2022-08-18
PY13,90013,2022-04-09
PY14,90014,2022-07-05
PY15,90015,2022-10-03
PY16,90016,2022-01-16
PY17,90017,2022-04-25
PY18,90018,2022-08-22
PY19,90019,2023-03-25
PY20,90020,2022-08-08
PY21,90021,2022-05-29
PY22,90022,2022-04-11
PY23,90023,2022-12-29
PY24,90024,2023-03-15
PY25,90025,2022-05-07
PY26,90026,2023-01-25
PY27,90027,2022-12-27
PY28,90028,2022-08-03
PY29,90029,2023-01-23
PY30,90030,2022-08-04
PY31,90031,2022-08-12
PY32,90032,2022-12-31
PY33,90033,2022-02-27
PY34,90034,2022-01-16
PY35,90035,2022-10-28
PY36,90036,2022-01-26
PY37,90037,2023-01-12
PY38,90038,2022-09-08
PY39,90039,2023-01-31
PY40,90040,2023-02-03
PY41,90041,2022-05-12
PY42,90042,2022-06-01
PY43,90043,2022-08-23
PY44,90044,2023-02-18
PY45,90045,2023-02-24
PY46,90046,2023-01-26
PY47,90047,2023-03-08
PY48,90048,2022-04-19
PY49,90049,2023-03-05
PY50,90050,2022-08-28
PY51,90051,2022-04-05
PY52,90052,2023-03-27
PY53,90053,2022-04-06
PY54,90054,2022-05-06
PY55,90055,2022-10-17
PY56,90056,2022-12-01
PY57,90057,2023-03-15
PY58,90058,2022-02-18
PY59,90059,2022-12-14
PY60,90060,2022-06-23
PY61,90061,2022-12-07
PY62,90062,2022-07-17
PY63,90063,2022-09-30
PY64,90064,2022-06-22
PY65,90065,2022-02-21
PY66,90066,2022-01-08
PY67,90067,2022-01-04
PY68,90068,2022-07-22
PY69,90069,2022-01-12
PY70,90070,2022-11-09
PY71,90071,2022-11-04
PY72,90072,2022-12-15
PY73,90073,2022-03-07
PY74,90074,2022-04-23
PY75,90075,2022-01-28
PY76,90076,2023-03-06
PY77,90077,2023-02-13
PY78,90078,2023-01-03
PY79,90079,2022-12-03
PY80,90080,2022-02-01
PY81,90081,2022-08-25
PY82,90082,2022-03-05
PY83,90083,2022-04-18
PY84,90084,2023-03-21
PY85,90085,2022-03-02
PY86,90086,2023-03-25
PY87,90087,2023-03-05
PY88,90088,2022-10-21
PY89,90089,2022-09-24
PY90,90090,2022-05-18
PY91,90091,2022-03-10
PY92,90092,2022-03-05
PY93,90093,2022-05-30
PY94,90094,2022-11-05
PY95,90095,2022-10-16
PY96,90096,2022-02-11
PY97,90097,2022-06-23
PY98,90098,2022-05-08
PY99,90099,2022-08-29
PY100,90100,2022-01-04
PY101,90101,2023-03-09
PY102,90102,2023-01-10
PY103,90103,2023-01-03
PY104,90104,2022-06-15
PY105,90105,2022-07-11
PY106,90106,2023-02-21
PY107,90107,2022-03-06
PY108,90108,2023-02-28
PY109,90109,2022-04-28
PY110,90110,2022-04-16
PY111,90111,2022-09-17
PY112,90112,2023-01-19
PY113,90113,2022-11-24
PY114,90114,2022-10-04
PY115,90115,2022-08-12
PY116,90116,2022-05-21
PY117,90117,2023-01-20
PY118,90118,2022-11-18
PY119,90119,2023-03-15
PY120,90120,2022-04-16
PY121,90121,2022-05-16
PY122,90122,2022-01-10
PY123,90123,2022-11-26
PY124,90124,2022-04-06
PY125,90125,2022-08-26
PY126,90126,2022-04-01
PY127,90127,2022-03-24
PY128,90128,2022-10-07
PY129,90129,2023-02-24
PY130,90130,2022-07-15
PY131,90131,2022-09-29
PY132,90132,2022-12-08
PY133,90133,2022-08-04
PY134,90134,2022-10-08
PY135,90135,2022-09-20
PY136,90136,2022-08-28
PY137,90137,2022-12-14
PY138,90138,2022-04-15
PY139,90139,2022-09-25
PY140,90140,2022-09-02
PY141,90141,2022-10-28
PY142,90142,2022-10-27
PY143,90143,2022-05-14
PY144,90144,2022-10-05
PY145,90145,2023-03-31
PY146,90146,2022-03-13
PY147,90147,2023-01-05
PY148,90148,2023-01-24
PY149,90149,2022-12-13
PY150,90150,2022-01-02
PY151,90151,2022-10-30
PY152,90152,2023-02-17
PY153,90153,2022-05-05
PY154,90154,2022-08-22
PY155,90155,2022-11-24
PY156,90156,2022-12-10
PY157,90157,2022-01-28
PY158,90158,2022-05-19
PY159,90159,2023-02-05
PY160,90160,2023-01-16
PY161,90161,2023-02-10
PY162,90162,2022-08-02
PY163,90163,2022-01-02
PY164,90164,2023-02-03
PY165,90165,2022-08-24
PY166,90166,2022-10-25
PY167,90167,2022-11-29
PY168,90168,2022-03-06
PY169,90169,2023-03-24
PY170,90170,2022-12-29
PY171,90171,2022-10-17
PY172,90172,2022-11-22
PY173,90173,2022-06-20
PY174,90174,2022-02-25
PY175,90175,2022-11-17
PY176,90176,2022-02-24
PY177,90177,2022-06-16
PY178,90178,2022-02-28
PY179,90179,2022-06-22
PY180,90180,2022-04-20
PY181,90181,2022-12-21
PY182,90182,2022-07-31
PY183,90183,2023-03-06
PY184,90184,2022-01-04
PY185,90185,2023-03-07
PY186,90186,2022-01-06
PY187,90187,2022-06-07
PY188,90188,2022-06-30
PY189,90189,2022-09-16
PY190,90190,2022-01-26
PY191,90191,2022-03-22
PY192,90192,2022-10-23
PY193,90193,2022-04-04
PY194,90194,2022-05-07
PY195,90195,2022-10-29
PY196,90196,2023-02-25
PY197,90197,2022-07-19
PY198,90198,2022-07-07
PY199,90199,2022-06-06
PY200,90200,2022-09-25
PY201,90201,2022-10-05
PY202,90202,2022-09-27
PY203,90203,2022-03-15
PY204,90204,2022-06-25
PY205,90205,2022-06-28
PY206,90206,2023-01-03
PY207,90207,2022-02-04
PY208,90208,2022-05-09
PY209,90209,2022-09-08
PY210,90210,2022-10-31
PY211,90211,2022-04-26
PY212,90212,2022-06-05
PY213,90213,2022-04-11
PY214,90214,2022-06-25
PY215,90215,2022-04-02
PY216,90216,2022-06-03
PY217,90217,2022-08-26
PY218,90218,2023-02-13
PY219,90219,2022-05-25
PY220,90220,2022-05-03
PY221,90221,2022-03-13
PY222,90222,2022-11-24
PY223,90223,2022-07-29
PY224,90224,2022-02-07
PY225,90225,2023-01-01
PY226,90226,2022-10-04
PY227,90227,2022-09-03
PY228,90228,2022-07-13
PY229,90229,2023-01-19
PY230,90230,2022-03-13
PY231,90231,2023-02-12
PY232,90232,2022-03-30
PY233,90233,2022-12-28
PY234,90234,2022-05-22
PY235,90235,2022-07-23
PY236,90236,2022-04-14
PY237,90237,2022-07-02
PY238,90238,2022-09-27
PY239,90239,2022-06-03
PY240,90240,2023-03-24
PY241,90241,2022-07-23
PY242,90242,2022-01-17
PY243,90243,2022-09-30
PY244,90244,2022-01-08
PY245,90245,2022-12-23
PY246,90246,2023-01-30
PY247,90247,2023-03-10
PY248,90248,2022-12-18
PY249,90249,2022-07-11
PY250,90250,2022-01-02
PY251,90251,2022-10-11
PY252,90252,2023-02-27
PY253,90253,2022-06-14
PY254,90254,2022-09-13
PY255,90255,2023-03-28
PY256,90256,2022-04-28
PY257,90257,2022-06-03
PY258,90258,2023-03-14
PY259,90259,2022-12-19
PY260,90260,2023-03-07
PY261,90261,2022-06-02
PY262,90262,2022-12-06
PY263,90263,2022-09-05
PY264,90264,2022-05-01
PY265,90265,2022-11-16
PY266,90266,2022-06-20
PY267,90267,2022-01-08
PY268,90268,2023-02-04
PY269,90269,2022-11-10
PY270,90270,2023-03-15
PY271,90271,2022-05-14
PY272,90272,2023-03-09
PY273,90273,2022-10-12
PY274,90274,2022-11-18
PY275,90275,2022-11-18
PY276,90276,2022-04-07
PY277,90277,2022-04-04
PY278,90278,2022-02-07
PY279,90279,2022-02-25
PY280,90280,2022-05-07
PY281,90281,2022-11-18
PY282,90282,2022-12-21
PY283,90283,2023-02-28
PY284,90284,2022-08-31
PY285,90285,2022-09-14
PY286,90286,2022-05-22
PY287,90287,2023-01-11
PY288,90288,2022-06-25
PY289,90289,2022-08-23
PY290,90290,2023-01-01
PY291,90291,2022-01-01
PY292,90292,2022-12-28
PY293,90293,2022-12-12
PY294,90294,2023-03-11
PY295,90295,2022-09-15
PY296,90296,2023-02-05
PY297,90297,2022-04-16
PY298,90298,2022-06-12
PY299,90299,2023-03-03
PY300,90300,2022-06-22
PY301,90301,2022-08-27
PY302,90302,2022-07-13
PY303,90303,2022-07-23
PY304,90304,2023-03-28
PY305,90305,2022-03-13
PY306,90306,2022-08-29
PY307,90307,2022-02-01
PY308,90308,2022-04-25
PY309,90309,2023-03-19
PY310,90310,2022-10-25
PY311,90311,2023-02-20
PY312,90312,2022-03-30
PY313,90313,2022-01-04
PY314,90314,2023-03-27
PY315,90315,2023-01-10
PY316,90316,2022-09-12
PY317,90317,2022-05-11
PY318,90318,2022-09-21
PY319,90319,2022-01-03
PY320,90320,2022-01-14
PY321,90321,2023-02-15
PY322,90322,2022-06-07
PY323,90323,2023-02-05
PY324,90324,2023-02-13
PY325,90325,2022-10-01
PY326,90326,2022-09-20
PY327,90327,2022-02-16
PY328,90328,2023-01-19
PY329,90329,2022-07-14
PY330,90330,2022-01-29
PY331,90331,2022-06-08
PY332,90332,2022-02-20
PY333,90333,2022-01-22
PY334,90334,2022-11-11
PY335,90335,2022-05-31
PY336,90336,2022-08-10
PY337,90337,2022-12-15
PY338,90338,2022-10-15
PY339,90339,2022-06-19
PY340,90340,2022-04-11
PY341,90341,2022-10-10
PY342,90342,2022-02-27
PY343,90343,2023-03-07
PY344,90344,2022-02-19
PY345,90345,2022-04-20
PY346,90346,2023-02-04
PY347,90347,2022-10-29
PY348,90348,2022-07-21
PY349,90349,2022-02-15
PY350,90350,2022-07-24
PY351,90351,2022-08-12
PY352,90352,2022-01-23
PY353,90353,2022-10-19
PY354,90354,2022-10-11
PY355,90355,2022-10-31
PY356,90356,2022-07-30
PY357,90357,2022-10-09
PY358,90358,2022-10-24
PY359,90359,2022-04-14
PY360,90360,2022-07-27
PY361,90361,2023-03-24
PY362,90362,2022-08-14
PY363,90363,2023-01-01
PY364,90364,2022-03-11
PY365,90365,2023-01-08
PY366,90366,2022-08-23
PY367,90367,2022-08-30
PY368,90368,2022-07-20
PY369,90369,2022-04-05
PY370,90370,2022-06-23
PY371,90371,2022-06-22
PY372,90372,2022-01-26
PY373,90373,2022-03-14
PY374,90374,2022-10-19
PY375,90375,2022-03-26
PY376,90376,2023-02-04
PY377,90377,2023-02-15
PY378,90378,2023-01-27
PY379,90379,2022-05-13
PY380,90380,2022-05-26
PY381,90381,2022-06-12
PY382,90382,2022-06-04
PY383,90383,2022-09-13
PY384,90384,2022-05-04
PY385,90385,2022-11-24
PY386,90386,2022-10-06
PY387,90387,2022-02-15
PY388,90388,2023-02-19
PY389,90389,2022-02-24
PY390,90390,2023-01-12
PY391,90391,2022-01-06
PY392,90392,2022-08-07
PY393,90393,2022-08-18
PY394,90394,2022-08-19
PY395,90395,2022-12-18
PY396,90396,2022-02-25
PY397,90397,2022-04-17
PY398,90398,2022-12-26
PY399,90399,2023-01-16
PY400,90400,2022-06-12
PY401,90401,2022-09-27
PY402,90402,2022-12-28
PY403,90403,2023-02-21
PY404,90404,2022-06-24
PY405,90405,2022-09-12
PY406,90406,2022-11-24
PY407,90407,2022-08-28
PY408,90408,2022-04-15
PY409,90409,2022-03-07
PY410,90410,2022-04-28
PY411,90411,2022-02-13
PY412,90412,2022-04-24
PY413,90413,2023-03-30
PY414,90414,2022-05-14
PY415,90415,2022-07-12
PY416,90416,2022-11-10
PY417,90417,2022-10-31
PY418,90418,2023-02-03
PY419,90419,2022-01-02
PY420,90420,2022-03-11
PY421,90421,2022-06-23
PY422,90422,2022-10-11
PY423,90423,2022-08-28
PY424,90424,2022-03-29
PY425,90425,2022-10-16
PY426,90426,2022-12-29
PY427,90427,2022-07-22
PY428,90428,2022-05-24
PY429,90429,2023-01-29
PY430,90430,2022-07-17
PY431,90431,2022-09-22
PY432,90432,2022-05-08
PY433,90433,2022-01-16
PY434,90434,2023-03-26
PY435,90435,2022-07-12
PY436,90436,2022-04-26
PY437,90437,2022-01-29
PY438,90438,2022-10-23
PY439,90439,2023-02-26
PY440,90440,2023-01-13
PY441,90441,2022-05-22
PY442,90442,2022-04-02
PY443,90443,2022-02-27
PY444,90444,2022-05-31
PY445,90445,2022-06-09
PY446,90446,2022-06-22
PY447,90447,2022-06-28
PY448,90448,2022-07-15
PY449,90449,2023-03-17
PY450,90450,2022-08-19
PY451,90451,2022-10-08
PY452,90452,2022-06-05
PY453,90453,2022-10-03
PY454,90454,2022-01-03
PY455,90455,2022-09-03
PY456,90456,2022-09-17
PY457,90457,2022-03-04
PY458,90458,2023-01-28
PY459,90459,2022-06-09
PY460,90460,2023-01-07
PY461,90461,2022-03-16
PY462,90462,2023-03-19
PY463,90463,2022-08-13
PY464,90464,2022-11-11
PY465,90465,2022-12-24
PY466,90466,2022-07-30
PY467,90467,2023-01-08
PY468,90468,2022-12-11
PY469,90469,2022-01-19
PY470,90470,2022-03-14
PY471,90471,2023-01-28
PY472,90472,2022-06-19
PY473,90473,2022-07-26
PY474,90474,2022-11-02
PY475,90475,2022-03-03
PY476,90476,2022-01-24
PY477,90477,2022-09-22
PY478,90478,2023-01-18
PY479,90479,2023-03-23
PY480,90480,2023-01-22
PY481,90481,2022-10-11
PY482,90482,2022-04-11
PY483,90483,2022-04-12
PY484,90484,2022-06-07
PY485,90485,2022-04-08
PY486,90486,2022-09-23
PY487,90487,2022-01-09
PY488,90488,2022-12-18
PY489,90489,2023-01-18
PY490,90490,2023-02-08
PY491,90491,2022-08-08
PY492,90492,2022-09-01
PY493,90493,2022-03-05
PY494,90494,2022-12-13
PY495,90495,2022-06-08
PY496,90496,2022-01-19
PY497,90497,2022-07-28
PY498,90498,2022-09-28
PY499,90499,2022-11-24
PY500,90500,2022-10-02
PY501,90501,2022-11-09
PY502,90502,2023-01-04
PY503,90503,2023-03-20
PY504,90504,2022-05-28
PY505,90505,2022-01-08
PY506,90506,2022-07-01
PY507,90507,2023-02-17
PY508,90508,2022-04-18
PY509,90509,2022-07-10
PY510,90510,2023-02-13
PY511,90511,2022-07-03
PY512,90512,2022-03-12
PY513,90513,2022-07-16
PY514,90514,2022-09-26
PY515,90515,2023-03-11
PY516,90516,2022-01-11
PY517,90517,2022-05-02
PY518,90518,2023-03-03
PY519,90519,2022-05-21
PY520,90520,2022-06-16
PY521,90521,2022-08-31
PY522,90522,2022-12-11
PY523,90523,2022-02-16
PY524,90524,2022-02-09
PY525,90525,2023-03-20
PY526,90526,2022-05-23
PY527,90527,2022-08-31
PY528,90528,2023-01-25
PY529,90529,2022-10-29
PY530,90530,2022-08-17
PY531,90531,2022-03-21
PY532,90532,2022-04-07
PY533,90533,2022-11-28
PY534,90534,2023-02-19
PY535,90535,2022-06-16
PY536,90536,2023-01-01
PY537,90537,2022-12-20
PY538,90538,2023-01-04
PY539,90539,2022-08-12
PY540,90540,2023-01-18
PY541,90541,2023-01-03
PY542,90542,2023-01-03
PY543,90543,2023-03-28
PY544,90544,2022-04-19
PY545,90545,2022-08-28
PY546,90546,2022-10-01
PY547,90547,2022-02-19
PY548,90548,2022-09-04
PY549,90549,2022-08-28
PY550,90550,2022-06-24
PY551,90551,2022-06-29
PY552,90552,2023-01-17
PY553,90553,2022-07-18
PY554,90554,2022-06-04
PY555,90555,2023-02-27
PY556,90556,2023-03-26
PY557,90557,2022-06-01
PY558,90558,2022-05-22
PY559,90559,2022-11-23
PY560,90560,2022-04-17
PY561,90561,2022-02-28
PY562,90562,2022-09-18
PY563,90563,2023-03-26
PY564,90564,2022-01-01
PY565,90565,2022-09-26
PY566,90566,2022-03-10
PY567,90567,2022-10-28
PY568,90568,2022-01-18
PY569,90569,2022-11-21
PY570,90570,2022-09-07
PY571,90571,2022-09-21
PY572,90572,2022-08-13
PY573,90573,2022-02-11
PY574,90574,2023-03-27
PY575,90575,2022-08-27
PY576,90576,2023-01-15
PY577,90577,2022-09-19
PY578,90578,2023-03-16
PY579,90579,2022-10-10
PY580,90580,2022-06-14
PY581,90581,2022-12-22
PY582,90582,2022-09-02
PY583,90583,2022-07-14
PY584,90584,2023-03-01
PY585,90585,2022-04-08
PY586,90586,2022-08-17
PY587,90587,2023-01-27
PY588,90588,2023-02-26
PY589,90589,2022-08-14
PY590,90590,2022-02-10
PY591,90591,2022-03-20
PY592,90592,2022-11-27
PY593,90593,2022-02-21
PY594,90594,2022-09-28
PY595,90595,2022-04-22
PY596,90596,2022-04-11
PY597,90597,2022-02-22
PY598,90598,2023-02-09
PY599,90599,2022-07-06
PY600,90600,2022-09-15
